"SNP","CHROM","POS","A1","A2","MAF","Effect","SE","Amylose.content.MLM"
"id2009660",2,23723745,"G","A",0.0249376558603491,-3.7802953168046,0.753150205726375,0.000000782833078288916
"id6001205",6,1611614,"G","A",0.477556109725686,-1.89732440830204,0.342350022246514,0.0000000544141131025921
"id6001209",6,1612742,"G","T",0.456359102244389,-2.12609692887293,0.363029163784271,0.00000000988687773525114
"id6001256",6,1658758,"C","G",0.451371571072319,-1.98038124119583,0.347643305139052,0.0000000237596781047544
"id6001302",6,1763642,"C","T",0.344139650872818,4.07660385157919,0.701509294513774,0.0000000127022014356238
"fd7",6,1764762,"G","T",0.231920199501247,-1.7507770524732,0.25793534943994,0.00000000004139500925879
"id6002804",6,3414296,"A","G",0.364089775561097,-1.72319335245206,0.347966469493159,0.00000108544358794759
"wd6000096",6,3564084,"A","G",0.344139650872818,-1.62604998582023,0.330655390857553,0.00000128232709426741
